photo_id,photo_url,id,label,x,y,z,class
580298860.0,https://inaturalist-open-data.s3.amazonaws.com/photos/580298860/original.jpg,320915378.0,Pteronotus quadridens,0.1485290083589037,0.6486533772092475,0.989055929566653,Non-Expert Cave
580299851.0,https://inaturalist-open-data.s3.amazonaws.com/photos/580299851/original.jpg,320915378.0,Pteronotus quadridens,0.1582983348009932,0.6432898229588448,0.97734760840472,Non-Expert Cave
580298839.0,https://inaturalist-open-data.s3.amazonaws.com/photos/580298839/original.jpg,320915373.0,Monophyllus redmani,0.165365271539646,0.643038688879197,0.987126135822154,Non-Expert Cave
575935962.0,https://inaturalist-open-data.s3.amazonaws.com/photos/575935962/original.jpg,318654423.0,,-0.5754462874838302,-0.0227103896680088,0.4138900507656582,Non-Expert Cave
575700525.0,https://inaturalist-open-data.s3.amazonaws.com/photos/575700525/original.jpg,318530749.0,Yangochiroptera,0.7868995665047647,0.5617968141130654,0.6641042835889408,Non-Expert Urban
575700611.0,https://inaturalist-open-data.s3.amazonaws.com/photos/575700611/original.jpg,318530749.0,Yangochiroptera,0.8077008742606921,0.5539969244446379,0.6550608925866224,Non-Expert Urban
575700686.0,https://inaturalist-open-data.s3.amazonaws.com/photos/575700686/original.jpg,318530749.0,Yangochiroptera,0.8003158204258665,0.6032811504619611,0.5903999433241367,Non-Expert Urban
574046790.0,https://inaturalist-open-data.s3.amazonaws.com/photos/574046790/original.jpg,317666934.0,,-0.3350351814438904,-0.8999356259642498,0.637803868515878,Non-Expert Urban
574046745.0,https://inaturalist-open-data.s3.amazonaws.com/photos/574046745/original.jpg,317666934.0,,-0.3193352048884242,-0.9257935627638476,0.6636821260436263,Non-Expert Urban
574046769.0,https://inaturalist-open-data.s3.amazonaws.com/photos/574046769/original.jpg,317666934.0,,-0.3262854070647736,-0.9148966876252004,0.66938707576806,Non-Expert Urban
574046810.0,https://inaturalist-open-data.s3.amazonaws.com/photos/574046810/original.jpg,317666934.0,,-0.3219672044728655,-0.9142765538711898,0.6234776853344413,Non-Expert Urban
559122736.0,https://inaturalist-open-data.s3.amazonaws.com/photos/559122736/original.jpg,309823418.0,Artibeus jamaicensis,-0.7903749116462713,-0.3474158721761016,0.5415407876974554,Non-Expert Cave
556778809.0,https://static.inaturalist.org/photos/556778809/original.jpg,308604408.0,Jamaican Fruit-eating Bat,-0.6595712399126978,0.0082825693695112,0.5579743619355584,Non-Expert Cave
556254503.0,https://inaturalist-open-data.s3.amazonaws.com/photos/556254503/original.jpg,308326598.0,Antillean Ghost-faced Bat,0.9449338612900536,0.4550500970633215,0.2923654506264914,Non-Expert Non-Urban
541496781.0,https://inaturalist-open-data.s3.amazonaws.com/photos/541496781/original.jpg,300527986.0,Bats,-0.5305970690273766,-0.0397017866515537,0.4170210525600704,Non-Expert Cave
530529950.0,https://inaturalist-open-data.s3.amazonaws.com/photos/530529950/original.jpg,294733157.0,Jamaican Fruit-eating Bat,0.4282264582687558,0.7417380654806995,-0.3937600747655569,Non-Expert Cave
530529959.0,https://inaturalist-open-data.s3.amazonaws.com/photos/530529959/original.jpg,294733157.0,Jamaican Fruit-eating Bat,0.3727336115746842,0.6536382212675409,0.0585610153519775,Non-Expert Cave
530529971.0,https://inaturalist-open-data.s3.amazonaws.com/photos/530529971/original.jpg,294733157.0,Jamaican Fruit-eating Bat,0.4115529915055569,0.7208015195286044,-0.3593565154436876,Non-Expert Cave
530529969.0,https://inaturalist-open-data.s3.amazonaws.com/photos/530529969/original.jpg,294733157.0,Jamaican Fruit-eating Bat,0.3802317006370923,0.6977765425701565,0.0174933352484079,Non-Expert Cave
528797234.0,https://inaturalist-open-data.s3.amazonaws.com/photos/528797234/original.jpg,293813183.0,,0.4757117866815628,0.6305549812026143,0.2727540490731457,Non-Expert Urban
521615999.0,https://static.inaturalist.org/photos/521615999/original.jpg,289983931.0,Jamaican Fruit-eating Bat,0.2058477593258045,0.4526385402078217,0.0925956477983267,Non-Expert Urban
520612002.0,https://inaturalist-open-data.s3.amazonaws.com/photos/520612002/original.jpg,289447137.0,Jamaican Fruit-eating Bat,-0.5904579308829659,0.1267261073129406,0.5670255167548024,Non-Expert Cave
520611959.0,https://inaturalist-open-data.s3.amazonaws.com/photos/520611959/original.jpg,289447137.0,Jamaican Fruit-eating Bat,-0.6443221197763402,0.0917101477421789,0.5843611494719145,Non-Expert Cave
518603702.0,https://inaturalist-open-data.s3.amazonaws.com/photos/518603702/original.jpg,288382040.0,Jamaican Fruit-eating Bat,0.0568213188960629,0.6104240733780293,0.1868564887555668,Non-Expert Cave
518600477.0,https://inaturalist-open-data.s3.amazonaws.com/photos/518600477/original.jpg,288378756.0,Brown Flower Bat,-0.0307964991345869,0.5114451008345184,0.3714952432064176,Non-Expert Cave
515304719.0,https://static.inaturalist.org/photos/515304719/original.jpg,286629721.0,,-0.4839327617141873,0.1924097235767186,0.2175489435871358,Non-Expert Cave
515304777.0,https://static.inaturalist.org/photos/515304777/original.jpg,286629721.0,,-0.4559037502981947,0.2058651527188195,0.2176788419490676,Non-Expert Cave
515304824.0,https://static.inaturalist.org/photos/515304824/original.jpg,286629721.0,,-0.433002170944305,0.2319074219328785,0.2540704236423752,Non-Expert Cave
514345659.0,https://inaturalist-open-data.s3.amazonaws.com/photos/514345659/original.jpg,286127736.0,Stenodermatini,-0.5648772111167679,0.1526752894948104,0.5428363746468674,Non-Expert Cave
513774827.0,https://inaturalist-open-data.s3.amazonaws.com/photos/513774827/original.jpg,285823597.0,,-0.8656082818650546,-0.4074451209252445,0.2776413718276318,Non-Expert Cave
513774874.0,https://inaturalist-open-data.s3.amazonaws.com/photos/513774874/original.jpg,285823597.0,,-0.8867877438368955,-0.4192048927615623,0.2381274255862411,Non-Expert Cave
513774912.0,https://inaturalist-open-data.s3.amazonaws.com/photos/513774912/original.jpg,285823597.0,,-0.8780462415812519,-0.4153612019611898,0.2407552349961812,Non-Expert Cave
513774948.0,https://inaturalist-open-data.s3.amazonaws.com/photos/513774948/original.jpg,285823597.0,,-0.8884634140163374,-0.4087205472044171,0.2590518826770802,Non-Expert Cave
512058074.0,https://static.inaturalist.org/photos/512058074/original.jpg,284902507.0,Bats,-0.1974993113842554,-0.9721579365484632,0.3759705984253041,Non-Expert Non-Urban
512058085.0,https://static.inaturalist.org/photos/512058085/original.jpg,284902507.0,Bats,-0.1912641340918407,-0.9821798605536166,0.3885290575405589,Non-Expert Non-Urban
512058065.0,https://static.inaturalist.org/photos/512058065/original.jpg,284902507.0,Bats,-0.207815574188899,-0.969594359863416,0.4026262081226996,Non-Expert Non-Urban
512058088.0,https://static.inaturalist.org/photos/512058088/original.jpg,284902507.0,Bats,-0.1890130889141779,-1.0,0.376707675794651,Non-Expert Non-Urban
503661639.0,https://inaturalist-open-data.s3.amazonaws.com/photos/503661639/original.jpg,280431731.0,Jamaican Fruit-eating Bat,-0.0781144583410979,0.4803121764032745,0.1996332566979901,Non-Expert Cave
501972167.0,https://inaturalist-open-data.s3.amazonaws.com/photos/501972167/original.jpg,279534569.0,,0.7816719441273035,0.2488904477804354,0.3960449175628209,Non-Expert Urban
501153415.0,https://static.inaturalist.org/photos/501153415/original.jpeg,279091731.0,Velvety Free-tailed Bat,0.7535719003467047,0.2329598411493234,0.250881435840302,Non-Expert Urban
493150909.0,https://inaturalist-open-data.s3.amazonaws.com/photos/493150909/original.jpeg,274296155.0,Neotropical Fruit Bats,-0.7478784700723049,-0.3642353260264479,0.4614439146717695,Non-Expert Cave
493151041.0,https://inaturalist-open-data.s3.amazonaws.com/photos/493151041/original.jpeg,274296155.0,Neotropical Fruit Bats,-0.807826471812431,-0.3047054992503644,0.5894687705316564,Non-Expert Cave
493151162.0,https://inaturalist-open-data.s3.amazonaws.com/photos/493151162/original.jpeg,274296155.0,Neotropical Fruit Bats,-0.7856345738589903,-0.3568051057232621,0.5183024705435932,Non-Expert Cave
490700914.0,https://inaturalist-open-data.s3.amazonaws.com/photos/490700914/original.jpeg,272743597.0,Jamaican Fruit-eating Bat,0.4910772560328573,0.7024596908874323,-0.4600294442756892,Non-Expert Urban
490700917.0,https://inaturalist-open-data.s3.amazonaws.com/photos/490700917/original.jpeg,272743597.0,Jamaican Fruit-eating Bat,0.4802726296654072,0.6725804277817911,-0.5039090818218963,Non-Expert Urban
490313908.0,https://inaturalist-open-data.s3.amazonaws.com/photos/490313908/original.jpeg,272534233.0,Jamaican Fruit-eating Bat,0.1637253872856641,0.611117873128737,0.1460556898588052,Expert Cave
490312732.0,https://inaturalist-open-data.s3.amazonaws.com/photos/490312732/original.jpeg,272533646.0,Antillean Fruit-eating Bat,0.5529786349547363,0.8069721517419077,-0.5625478809146942,Expert Cave
489687387.0,https://inaturalist-open-data.s3.amazonaws.com/photos/489687387/original.jpg,272192829.0,,-0.7287279647457511,-0.4735466242975568,0.611872719985326,Non-Expert Cave
489571909.0,https://inaturalist-open-data.s3.amazonaws.com/photos/489571909/original.jpg,272130977.0,,-0.9629340019675324,-0.4389785205021678,0.3769774684328055,Non-Expert Cave
490428121.0,https://inaturalist-open-data.s3.amazonaws.com/photos/490428121/original.jpg,272130977.0,,-0.8381268747470516,-0.4732623405193951,0.5763297234819549,Non-Expert Cave
490428106.0,https://inaturalist-open-data.s3.amazonaws.com/photos/490428106/original.jpg,272130977.0,,-0.7109720315395002,-0.4817764555103418,0.60072921650471,Non-Expert Cave
485588392.0,https://inaturalist-open-data.s3.amazonaws.com/photos/485588392/original.jpg,270036564.0,,-0.8284877186454537,-0.4146925156184466,0.5138026107775362,Non-Expert Cave
485544036.0,https://inaturalist-open-data.s3.amazonaws.com/photos/485544036/original.jpeg,270012547.0,,-0.8958182823074333,-0.4018401431129407,0.2961803961681679,Non-Expert Cave
485534128.0,https://inaturalist-open-data.s3.amazonaws.com/photos/485534128/original.jpg,270007714.0,,-0.9383011082744408,-0.4545826528297367,0.3458634868660479,Non-Expert Cave
484271283.0,https://inaturalist-open-data.s3.amazonaws.com/photos/484271283/original.jpg,269344452.0,,-0.2990808078052264,-0.4197674330999741,0.4657159549349248,Non-Expert Urban
478986437.0,https://inaturalist-open-data.s3.amazonaws.com/photos/478986437/original.jpeg,266584341.0,Jamaican Fruit-eating Bat,-0.6582596716151947,-0.4646574824143362,0.5549838367036384,Non-Expert Cave
478986439.0,https://inaturalist-open-data.s3.amazonaws.com/photos/478986439/original.jpeg,266584341.0,Jamaican Fruit-eating Bat,-0.6886919661085449,-0.4698512700268966,0.583971988148533,Non-Expert Cave
478986442.0,https://inaturalist-open-data.s3.amazonaws.com/photos/478986442/original.jpeg,266584341.0,Jamaican Fruit-eating Bat,-0.5467434319724971,-0.4174091166693591,0.4791070834154196,Non-Expert Cave
477677327.0,https://inaturalist-open-data.s3.amazonaws.com/photos/477677327/original.jpg,265892489.0,Vespertilionoid Bats,0.5757256129450821,0.2448431709528278,0.4484632980112011,Non-Expert Urban
477677388.0,https://inaturalist-open-data.s3.amazonaws.com/photos/477677388/original.jpg,265892489.0,Vespertilionoid Bats,0.5343044446633218,0.2900061193004071,0.4008759526445986,Non-Expert Urban
477677483.0,https://inaturalist-open-data.s3.amazonaws.com/photos/477677483/original.jpg,265892489.0,Vespertilionoid Bats,0.5200192838098256,0.3048635462978235,0.4268138945149604,Non-Expert Urban
477317194.0,https://inaturalist-open-data.s3.amazonaws.com/photos/477317194/original.jpg,265710064.0,,0.8439520424412341,0.4993397685046052,0.1424762305892446,Non-Expert Urban
477317231.0,https://inaturalist-open-data.s3.amazonaws.com/photos/477317231/original.jpg,265710064.0,,0.7590384380915562,0.3032743698418108,0.2348590042322507,Non-Expert Urban
476152767.0,https://inaturalist-open-data.s3.amazonaws.com/photos/476152767/original.jpg,265117650.0,Bats,0.7245490780718391,0.9734320234458776,-0.693748477564025,Non-Expert Non-Urban
475539722.0,https://static.inaturalist.org/photos/475539722/original.jpg,264803183.0,,0.8460331751199803,0.3901801552176034,0.5746619585586856,Non-Expert Urban
475425911.0,https://inaturalist-open-data.s3.amazonaws.com/photos/475425911/original.jpg,264745803.0,,-0.8730887733977141,-0.1219766595986374,0.6440304496899814,Non-Expert Cave
475426477.0,https://inaturalist-open-data.s3.amazonaws.com/photos/475426477/original.jpg,264745803.0,,-0.8215960892688516,-0.3429317894726268,0.6344266081533663,Non-Expert Cave
475429217.0,https://inaturalist-open-data.s3.amazonaws.com/photos/475429217/original.jpg,264745803.0,,-0.7953729183727921,-0.431786375306488,0.644176506495888,Non-Expert Cave
472108193.0,https://inaturalist-open-data.s3.amazonaws.com/photos/472108193/original.jpg,262858012.0,Jamaican Fruit-eating Bat,-0.5143340485894257,0.199866731515067,0.4727194030401169,Non-Expert Cave
468459226.0,https://static.inaturalist.org/photos/468459226/original.jpg,260820522.0,,-0.5763495930911635,-0.3526222164926448,0.5324707085744562,Non-Expert Cave
466629414.0,https://inaturalist-open-data.s3.amazonaws.com/photos/466629414/original.jpg,259897206.0,Jamaican Fruit-eating Bat,0.1005179376887142,0.5556381693664976,0.1880922943146539,Non-Expert Cave
466629516.0,https://inaturalist-open-data.s3.amazonaws.com/photos/466629516/original.jpg,259897206.0,Jamaican Fruit-eating Bat,0.0288593836117108,0.5107268573667254,0.2823658970459644,Non-Expert Cave
463335477.0,https://inaturalist-open-data.s3.amazonaws.com/photos/463335477/original.jpg,258265299.0,Bats,-0.3924803777267373,-0.4673131415952537,0.4901122939070534,Non-Expert Urban
463335499.0,https://inaturalist-open-data.s3.amazonaws.com/photos/463335499/original.jpg,258265299.0,Bats,-0.3895227853072085,-0.4595373607984722,0.4634862837616857,Non-Expert Urban
460444462.0,https://static.inaturalist.org/photos/460444462/original.jpg,256765324.0,Artibeus jamaicensis,0.4477927277142188,0.7605379626831499,0.1494911788482571,Non-Expert Non-Urban
460330763.0,https://inaturalist-open-data.s3.amazonaws.com/photos/460330763/original.png,256711147.0,Bats,-0.5805310744373453,-0.1401303051027931,0.335377481631294,Non-Expert Cave
460330783.0,https://inaturalist-open-data.s3.amazonaws.com/photos/460330783/original.jpeg,256711147.0,Bats,-0.9339852434565576,-0.2404506684770641,0.3685828413823084,Non-Expert Cave
460333424.0,https://inaturalist-open-data.s3.amazonaws.com/photos/460333424/original.jpeg,256711147.0,Bats,-0.9482884385668182,-0.258565806755674,0.3524632164911232,Non-Expert Cave
460333443.0,https://inaturalist-open-data.s3.amazonaws.com/photos/460333443/original.jpeg,256711147.0,Bats,-0.9242109588783494,-0.1623690649692235,0.3654632426940059,Non-Expert Cave
460333484.0,https://inaturalist-open-data.s3.amazonaws.com/photos/460333484/original.jpeg,256711147.0,Bats,-0.8337837530254264,-0.1698699376601504,0.298416375442659,Non-Expert Cave
460036822.0,https://static.inaturalist.org/photos/460036822/original.jpg,256563252.0,,0.3741876042589414,0.6791668375773594,0.5575507486745708,Non-Expert Non-Urban
459758118.0,https://inaturalist-open-data.s3.amazonaws.com/photos/459758118/original.jpeg,256427239.0,Stenodermatine Bats,-0.9558771099502392,-0.4110396867186066,0.3867229996283075,Non-Expert Cave
459758225.0,https://inaturalist-open-data.s3.amazonaws.com/photos/459758225/original.jpeg,256427239.0,Stenodermatine Bats,-0.9541723588895192,-0.285356120681645,0.3822777292000066,Non-Expert Cave
459758315.0,https://inaturalist-open-data.s3.amazonaws.com/photos/459758315/original.jpeg,256427239.0,Stenodermatine Bats,-0.9598308766924906,-0.430991117387603,0.3553086553942515,Non-Expert Cave
456401018.0,https://inaturalist-open-data.s3.amazonaws.com/photos/456401018/original.jpeg,254762159.0,Jamaican Fruit-eating Bat,0.0062306301934871,0.5505768131252715,0.1819938161198189,Non-Expert Cave
456402747.0,https://inaturalist-open-data.s3.amazonaws.com/photos/456402747/original.jpeg,254762159.0,Jamaican Fruit-eating Bat,0.2440751943216856,0.7263512478433858,-0.0795768428632568,Non-Expert Cave
452071204.0,https://inaturalist-open-data.s3.amazonaws.com/photos/452071204/original.jpg,252527161.0,Mexican Free-tailed Bat,-0.1437519341226583,0.4410736484173112,-0.3196014056390545,Non-Expert Cave
452071503.0,https://inaturalist-open-data.s3.amazonaws.com/photos/452071503/original.jpg,252527161.0,Mexican Free-tailed Bat,-0.1360396433039806,0.4489713129540817,-0.326137569013054,Non-Expert Cave
452071349.0,https://inaturalist-open-data.s3.amazonaws.com/photos/452071349/original.jpg,252527161.0,Mexican Free-tailed Bat,-0.1242035961746617,0.4655287502479948,-0.3465345717915301,Non-Expert Cave
452070297.0,https://inaturalist-open-data.s3.amazonaws.com/photos/452070297/original.jpg,252527160.0,Greater Bulldog Bat,0.2775201859080112,0.8956568035152073,-0.5067026001993362,Non-Expert Cave
452070561.0,https://inaturalist-open-data.s3.amazonaws.com/photos/452070561/original.jpg,252527160.0,Greater Bulldog Bat,0.2547548910728323,0.8702095546471944,-0.5012189192572744,Non-Expert Cave
452069929.0,https://inaturalist-open-data.s3.amazonaws.com/photos/452069929/original.jpg,252527160.0,Greater Bulldog Bat,0.270225046458763,0.8879727703688574,-0.5638024166821136,Non-Expert Cave
452068280.0,https://inaturalist-open-data.s3.amazonaws.com/photos/452068280/original.jpg,252523725.0,Jamaican Fruit-eating Bat,0.2501967455205554,0.515286782562254,-0.0156998935386604,Non-Expert Cave
452068492.0,https://inaturalist-open-data.s3.amazonaws.com/photos/452068492/original.jpg,252523725.0,Jamaican Fruit-eating Bat,0.2659713253262261,0.5354186949231574,-0.0087549652035431,Non-Expert Cave
452068705.0,https://inaturalist-open-data.s3.amazonaws.com/photos/452068705/original.jpg,252523725.0,Jamaican Fruit-eating Bat,0.2859308802942042,0.5119118753772245,-0.054346233238647,Non-Expert Cave
452068797.0,https://inaturalist-open-data.s3.amazonaws.com/photos/452068797/original.jpg,252523725.0,Jamaican Fruit-eating Bat,0.305618174502654,0.4726559354284056,-0.0201213872776272,Non-Expert Cave
452069282.0,https://inaturalist-open-data.s3.amazonaws.com/photos/452069282/original.jpg,252523725.0,Jamaican Fruit-eating Bat,-0.1359341608847862,0.4627990902249406,-0.3379528852769886,Non-Expert Cave
452069393.0,https://inaturalist-open-data.s3.amazonaws.com/photos/452069393/original.jpg,252523725.0,Jamaican Fruit-eating Bat,-0.1174898945222048,0.4556109631745355,-0.316904692353902,Non-Expert Cave
452069010.0,https://inaturalist-open-data.s3.amazonaws.com/photos/452069010/original.jpg,252523725.0,Jamaican Fruit-eating Bat,0.1326561906645336,0.4923826848074761,-0.0630205032700227,Non-Expert Cave
452069122.0,https://inaturalist-open-data.s3.amazonaws.com/photos/452069122/original.jpg,252523725.0,Jamaican Fruit-eating Bat,0.0153170697220295,0.4872407982380433,-0.1280117544188251,Non-Expert Cave
452063406.0,https://inaturalist-open-data.s3.amazonaws.com/photos/452063406/original.jpg,252523725.0,Jamaican Fruit-eating Bat,-0.060717951468736,0.5120029533367765,-0.300186040463073,Non-Expert Cave
452063410.0,https://inaturalist-open-data.s3.amazonaws.com/photos/452063410/original.jpg,252523725.0,Jamaican Fruit-eating Bat,-0.1196019320597654,0.4832129424459288,-0.3515941542340463,Non-Expert Cave
452064575.0,https://inaturalist-open-data.s3.amazonaws.com/photos/452064575/original.jpg,252523725.0,Jamaican Fruit-eating Bat,-0.1300821730138771,0.4294695797103751,-0.3154273835645821,Non-Expert Cave
451662698.0,https://inaturalist-open-data.s3.amazonaws.com/photos/451662698/original.jpeg,252320951.0,Molossus molossus,0.995537163696435,0.3992758967370149,0.5339929019303762,Non-Expert Urban
451662754.0,https://inaturalist-open-data.s3.amazonaws.com/photos/451662754/original.jpeg,252320951.0,Molossus molossus,0.9912672579744944,0.4292736951282501,0.4710594019337724,Non-Expert Urban
451662809.0,https://inaturalist-open-data.s3.amazonaws.com/photos/451662809/original.jpeg,252320951.0,Molossus molossus,1.0,0.4330684984944515,0.4891558887095664,Non-Expert Urban
451662863.0,https://inaturalist-open-data.s3.amazonaws.com/photos/451662863/original.jpeg,252320951.0,Molossus molossus,0.991604051573042,0.4345870225627226,0.4728251850457237,Non-Expert Urban
450437255.0,https://inaturalist-open-data.s3.amazonaws.com/photos/450437255/original.jpeg,251619324.0,Velvety Free-tailed Bat,0.3075433699469849,0.3027392868294407,0.3869442684106789,Non-Expert Urban
450437275.0,https://inaturalist-open-data.s3.amazonaws.com/photos/450437275/original.jpeg,251619324.0,Velvety Free-tailed Bat,0.2125374153025756,0.2785453644415907,0.3830511994611907,Non-Expert Urban
450437295.0,https://inaturalist-open-data.s3.amazonaws.com/photos/450437295/original.jpeg,251619324.0,Velvety Free-tailed Bat,0.2226027912816341,0.3605178719567778,0.2849752673907069,Non-Expert Urban
448707049.0,https://static.inaturalist.org/photos/448707049/original.jpeg,250849061.0,Jamaican Fruit-eating Bat,0.1308854938244488,0.6811086062811984,-0.3260377554417076,Non-Expert Cave
448707009.0,https://static.inaturalist.org/photos/448707009/original.jpeg,250849056.0,Jamaican Fruit-eating Bat,0.2242295480353218,0.7631109150405035,-0.3788099233226033,Non-Expert Cave
445123506.0,https://inaturalist-open-data.s3.amazonaws.com/photos/445123506/original.jpeg,249050619.0,Neotropical Fruit Bats,-0.9711745526463884,-0.1225793813897925,0.6324017076515327,Non-Expert Cave
445123522.0,https://inaturalist-open-data.s3.amazonaws.com/photos/445123522/original.jpeg,249050619.0,Neotropical Fruit Bats,-0.9785093571845884,-0.1691965634812537,0.6979637449159133,Non-Expert Cave
445123535.0,https://inaturalist-open-data.s3.amazonaws.com/photos/445123535/original.jpeg,249050619.0,Neotropical Fruit Bats,-0.9981335571841876,-0.1056506005034401,0.6932307280228176,Non-Expert Cave
445123543.0,https://inaturalist-open-data.s3.amazonaws.com/photos/445123543/original.jpeg,249050619.0,Neotropical Fruit Bats,-0.9660734526543472,-0.1882539568267032,0.7158544905431854,Non-Expert Cave
445123562.0,https://inaturalist-open-data.s3.amazonaws.com/photos/445123562/original.jpeg,249050619.0,Neotropical Fruit Bats,-0.953949782250479,-0.1135927994836681,0.6523100752022712,Non-Expert Cave
442333913.0,https://inaturalist-open-data.s3.amazonaws.com/photos/442333913/original.jpeg,247642427.0,ghost-faced bats,0.9206831808051388,0.4762993886559388,0.2913071453318594,Non-Expert Urban
442333932.0,https://inaturalist-open-data.s3.amazonaws.com/photos/442333932/original.jpeg,247642427.0,ghost-faced bats,0.9088856427226716,0.4882855160093788,0.3431335347396842,Non-Expert Urban
442333941.0,https://inaturalist-open-data.s3.amazonaws.com/photos/442333941/original.jpeg,247642427.0,ghost-faced bats,0.919551544038088,0.4847582541493627,0.3750908609199541,Non-Expert Urban
442332550.0,https://inaturalist-open-data.s3.amazonaws.com/photos/442332550/original.jpeg,247641727.0,,-0.4725009953522482,-0.4701198160693997,0.5417630269569427,Non-Expert Urban
442332574.0,https://inaturalist-open-data.s3.amazonaws.com/photos/442332574/original.jpeg,247641727.0,,-0.4985552813423693,-0.4632126243427613,0.5503959061393353,Non-Expert Urban
442332588.0,https://inaturalist-open-data.s3.amazonaws.com/photos/442332588/original.jpeg,247641727.0,,-0.7303932048564661,-0.3307758954813444,0.5611618940219576,Non-Expert Urban
442332605.0,https://inaturalist-open-data.s3.amazonaws.com/photos/442332605/original.jpeg,247641727.0,,-0.652076028110628,-0.4524972354323396,0.6644449210565393,Non-Expert Urban
440199180.0,https://inaturalist-open-data.s3.amazonaws.com/photos/440199180/original.jpeg,246563223.0,Antillean Ghost-faced Bat,0.9197763300020312,0.4843735167393421,0.3843089378030915,Non-Expert Urban
440199204.0,https://inaturalist-open-data.s3.amazonaws.com/photos/440199204/original.jpeg,246563223.0,Antillean Ghost-faced Bat,0.9632006109656814,0.4310252716224352,0.3577722115523656,Non-Expert Urban
440199220.0,https://inaturalist-open-data.s3.amazonaws.com/photos/440199220/original.jpeg,246563223.0,Antillean Ghost-faced Bat,0.9599382601586944,0.4368130750447228,0.3584112707330307,Non-Expert Urban
423905239.0,https://inaturalist-open-data.s3.amazonaws.com/photos/423905239/original.jpeg,238131940.0,Vespertilionoid Bats,-0.3202366865182215,0.3118018786503387,-0.0164282366139665,Non-Expert Cave
424197326.0,https://inaturalist-open-data.s3.amazonaws.com/photos/424197326/original.jpeg,238131940.0,Vespertilionoid Bats,-0.2815316519959785,0.3426173696049073,-0.0517481204284464,Non-Expert Cave
424197393.0,https://inaturalist-open-data.s3.amazonaws.com/photos/424197393/original.jpeg,238131940.0,Vespertilionoid Bats,-0.2847673881448345,0.3373140875336207,-0.0601186311226188,Non-Expert Cave
421552075.0,https://static.inaturalist.org/photos/421552075/original.jpeg,236911414.0,,-1.0,-0.3688635596916407,0.4111814491358387,Non-Expert Cave
421552102.0,https://static.inaturalist.org/photos/421552102/original.jpeg,236911414.0,,-0.9792867312724648,-0.3987532030059074,0.3864842622578535,Non-Expert Cave
421551834.0,https://static.inaturalist.org/photos/421551834/original.jpeg,236023256.0,Jamaican Fruit-eating Bat,-0.0818139215111123,0.5249316706024956,0.3401449504619958,Non-Expert Cave
421551801.0,https://static.inaturalist.org/photos/421551801/original.jpeg,236023256.0,Jamaican Fruit-eating Bat,-0.5746317145301493,0.0830843617971492,0.357838689234788,Non-Expert Cave
421551865.0,https://static.inaturalist.org/photos/421551865/original.jpeg,236023256.0,Jamaican Fruit-eating Bat,-0.9711647391334484,-0.3946674189527539,0.3650173084593575,Non-Expert Cave
416996841.0,https://inaturalist-open-data.s3.amazonaws.com/photos/416996841/original.jpeg,234554323.0,Neotropical Fruit Bats,-0.3514193294041261,-0.445965405443415,0.4092385539502785,Non-Expert Urban
416996875.0,https://inaturalist-open-data.s3.amazonaws.com/photos/416996875/original.jpeg,234554323.0,Neotropical Fruit Bats,0.8083793425244332,0.2435489933290417,-0.248913987583716,Non-Expert Urban
415878695.0,https://inaturalist-open-data.s3.amazonaws.com/photos/415878695/original.jpeg,233974250.0,Neotropical Fruit Bats,-0.5432805207060242,0.2004182219539736,0.5808851430628841,Non-Expert Cave
415878734.0,https://inaturalist-open-data.s3.amazonaws.com/photos/415878734/original.jpeg,233974250.0,Neotropical Fruit Bats,-0.6008637227258198,0.1176437596111104,0.5762392264909193,Non-Expert Cave
409425479.0,https://inaturalist-open-data.s3.amazonaws.com/photos/409425479/original.jpg,230577397.0,Jamaican Fruit-eating Bat,0.1202368046914141,0.5307750583677457,-0.1470178208712751,Non-Expert Cave
409422072.0,https://inaturalist-open-data.s3.amazonaws.com/photos/409422072/original.jpg,230575880.0,Jamaican Fruit-eating Bat,-0.008651742009013,0.4932512738776189,-0.2099750975572121,Non-Expert Cave
408543388.0,https://inaturalist-open-data.s3.amazonaws.com/photos/408543388/original.jpeg,230110099.0,Leach's Single Leaf Bat,0.7434298145518365,0.6415616856454274,0.45696273659019,Expert Non-Urban
407562546.0,https://inaturalist-open-data.s3.amazonaws.com/photos/407562546/original.jpeg,229596015.0,Antillean Fruit-eating Bat,0.4301628544765472,0.5437409434772529,0.2922388033628973,Non-Expert Cave
406292134.0,https://static.inaturalist.org/photos/406292134/original.jpeg,228919898.0,Jamaican Fruit-eating Bat,-0.085285772836494,0.5439388371320155,0.1061420526173282,Non-Expert Cave
406292245.0,https://static.inaturalist.org/photos/406292245/original.jpeg,228919898.0,Jamaican Fruit-eating Bat,-0.1775165841946232,0.4855635574314338,0.0949369238398671,Non-Expert Cave
396691717.0,https://static.inaturalist.org/photos/396691717/original.jpeg,223861968.0,Neotropical Fruit Bats,-0.3574194961824662,0.3241131409255631,0.1916071198083111,Non-Expert Cave
389015844.0,https://static.inaturalist.org/photos/389015844/original.jpg,219763124.0,Greater Bulldog Bat,0.3304123489136468,0.294408332293917,-0.0344621276157998,Non-Expert Cave
389015815.0,https://static.inaturalist.org/photos/389015815/original.jpg,219763124.0,Greater Bulldog Bat,0.337545077292718,0.2684594849574873,-0.0206333139561402,Non-Expert Cave
389019316.0,https://static.inaturalist.org/photos/389019316/original.jpg,219763124.0,Greater Bulldog Bat,0.3313403681321016,0.2670548083386557,-0.0368687652910803,Non-Expert Cave
389019369.0,https://static.inaturalist.org/photos/389019369/original.jpg,219763124.0,Greater Bulldog Bat,0.3324273046046082,0.2710043102979205,-0.0343752699139476,Non-Expert Cave
453569712.0,https://static.inaturalist.org/photos/453569712/original.jpeg,219757823.0,,0.3142548365847146,0.2890772580511493,-0.0169804380927796,Non-Expert Cave
379567465.0,https://inaturalist-open-data.s3.amazonaws.com/photos/379567465/original.jpeg,214726665.0,Jamaican Fruit-eating Bat,-0.1864224756369265,0.3557473289797845,0.3707431234417777,Non-Expert Cave
376738054.0,https://static.inaturalist.org/photos/376738054/original.jpg,213180002.0,Jamaican Fruit-eating Bat,0.3897567939181294,0.6260747492216938,0.4443586650504985,Non-Expert Non-Urban
376738106.0,https://static.inaturalist.org/photos/376738106/original.jpg,213180002.0,Jamaican Fruit-eating Bat,0.4081295654992647,0.6278516065465634,0.4677355178126219,Non-Expert Non-Urban
376738148.0,https://static.inaturalist.org/photos/376738148/original.jpg,213180002.0,Jamaican Fruit-eating Bat,0.8485340795302505,0.7086673904908918,-0.0273764315750554,Non-Expert Non-Urban
373226157.0,https://inaturalist-open-data.s3.amazonaws.com/photos/373226157/original.jpg,211073811.0,Big Brown Bat,-0.3530801508650354,-0.4890221759763464,0.4521680944002502,Non-Expert Urban
367025888.0,https://inaturalist-open-data.s3.amazonaws.com/photos/367025888/original.jpg,207493117.0,,0.1372825170109026,0.4171981640424549,0.5020850700830044,Non-Expert Cave
367029104.0,https://inaturalist-open-data.s3.amazonaws.com/photos/367029104/original.jpg,207493117.0,,0.1819136288577703,0.4625948345068267,0.5149773733260479,Non-Expert Cave
364524320.0,https://static.inaturalist.org/photos/364524320/original.jpeg,206117361.0,Jamaican Fruit-eating Bat,0.0195549145430558,0.3225537657136688,0.5033360150850965,Non-Expert Cave
361185611.0,https://inaturalist-open-data.s3.amazonaws.com/photos/361185611/original.jpeg,204348146.0,Jamaican Fruit-eating Bat,-0.8175875518208716,0.0007955927643248,0.606747630337503,Non-Expert Cave
361185636.0,https://inaturalist-open-data.s3.amazonaws.com/photos/361185636/original.jpeg,204348146.0,Jamaican Fruit-eating Bat,-0.6006616465666912,0.0896610610749713,0.4116273833704864,Non-Expert Cave
361185666.0,https://inaturalist-open-data.s3.amazonaws.com/photos/361185666/original.jpeg,204348146.0,Jamaican Fruit-eating Bat,-0.9668697087631948,-0.1560090106907774,0.672176712237037,Non-Expert Cave
360905985.0,https://static.inaturalist.org/photos/360905985/original.jpg,204204171.0,,-0.8210255953372763,-0.0123469233145346,0.6019466800463109,Non-Expert Cave
360906014.0,https://static.inaturalist.org/photos/360906014/original.jpg,204204171.0,,-0.8194581050085961,-0.0164196483955461,0.6035271020291701,Non-Expert Cave
360906046.0,https://static.inaturalist.org/photos/360906046/original.jpg,204204171.0,,-0.8093576624191625,-0.0146928504638862,0.6095265915582073,Non-Expert Cave
359205127.0,https://inaturalist-open-data.s3.amazonaws.com/photos/359205127/original.jpg,203316339.0,New World Leaf-nosed Bats,-0.7429104690607425,-0.4623925878613505,0.6186976003012359,Non-Expert Cave
359205137.0,https://inaturalist-open-data.s3.amazonaws.com/photos/359205137/original.jpg,203316339.0,New World Leaf-nosed Bats,-0.73423414188973,-0.4592072031950951,0.6225921249663975,Non-Expert Cave
359205150.0,https://inaturalist-open-data.s3.amazonaws.com/photos/359205150/original.jpg,203316339.0,New World Leaf-nosed Bats,-0.7386778135842551,-0.4824073043184178,0.6377041519922435,Non-Expert Cave
359205160.0,https://inaturalist-open-data.s3.amazonaws.com/photos/359205160/original.jpg,203316339.0,New World Leaf-nosed Bats,-0.729512377845527,-0.4713115309886897,0.6497184160648897,Non-Expert Cave
354732589.0,https://inaturalist-open-data.s3.amazonaws.com/photos/354732589/original.jpeg,200998139.0,Jamaican Fruit-eating Bat,0.2059755662024465,0.6888401874799617,-0.2659155820776171,Non-Expert Urban
354732424.0,https://inaturalist-open-data.s3.amazonaws.com/photos/354732424/original.jpeg,200998008.0,Antillean Fruit-eating Bat,0.4301601313551553,0.7840015871673836,-0.5857351509722728,Non-Expert Urban
354391235.0,https://static.inaturalist.org/photos/354391235/original.jpg,200825944.0,Bats,-0.7109010248647187,-0.1670997613389129,0.4811955501683291,Non-Expert Cave
352967596.0,https://static.inaturalist.org/photos/352967596/original.jpg,200095609.0,,0.744810899514303,0.2334959286980122,0.489790580743211,Non-Expert Non-Urban
352967621.0,https://static.inaturalist.org/photos/352967621/original.jpg,200095609.0,,0.5797342531523597,0.5186054357134429,0.4135600885463319,Non-Expert Non-Urban
351228200.0,https://inaturalist-open-data.s3.amazonaws.com/photos/351228200/original.jpg,199186712.0,Jamaican Fruit-eating Bat,0.5516496232664314,0.7906475994511883,-0.4699430135837682,Non-Expert Cave
349133981.0,https://inaturalist-open-data.s3.amazonaws.com/photos/349133981/original.jpeg,198127684.0,Velvety Free-tailed Bat,0.8260025620975722,0.4670462697799478,0.7243427686353436,Non-Expert Urban
349133988.0,https://inaturalist-open-data.s3.amazonaws.com/photos/349133988/original.jpeg,198127684.0,Velvety Free-tailed Bat,0.8433362573491527,0.4672749692151472,0.7474085834818966,Non-Expert Urban
349134038.0,https://inaturalist-open-data.s3.amazonaws.com/photos/349134038/original.jpeg,198127684.0,Velvety Free-tailed Bat,0.865543312299019,0.4105300519596411,0.687607298376101,Non-Expert Urban
349134053.0,https://inaturalist-open-data.s3.amazonaws.com/photos/349134053/original.jpeg,198127684.0,Velvety Free-tailed Bat,0.8130389628832904,0.4889558765793196,0.7664862226216276,Non-Expert Urban
349134066.0,https://inaturalist-open-data.s3.amazonaws.com/photos/349134066/original.jpeg,198127684.0,Velvety Free-tailed Bat,0.901983557587518,0.4698981483884308,0.7755383479179865,Non-Expert Urban
349134076.0,https://inaturalist-open-data.s3.amazonaws.com/photos/349134076/original.jpeg,198127684.0,Velvety Free-tailed Bat,0.8842673408498678,0.469252231535576,0.7828518634616333,Non-Expert Urban
349134087.0,https://inaturalist-open-data.s3.amazonaws.com/photos/349134087/original.jpeg,198127684.0,Velvety Free-tailed Bat,0.8920557249285681,0.4812102318720959,0.7743267072390796,Non-Expert Urban
349134099.0,https://inaturalist-open-data.s3.amazonaws.com/photos/349134099/original.jpeg,198127684.0,Velvety Free-tailed Bat,0.9063911607685142,0.4755747831247943,0.7459019177598278,Non-Expert Urban
349059289.0,https://inaturalist-open-data.s3.amazonaws.com/photos/349059289/original.jpg,198090823.0,,0.2579322085608875,0.6877537814514041,0.075312226750037,Expert Cave
346890417.0,https://inaturalist-open-data.s3.amazonaws.com/photos/346890417/original.jpg,197016200.0,Antillean Fruit-eating Bat,0.4235258626398999,0.8560409047188928,-0.3641670249344686,Expert Cave
346890487.0,https://inaturalist-open-data.s3.amazonaws.com/photos/346890487/original.jpg,197016200.0,Antillean Fruit-eating Bat,0.457557558437029,0.8592550860929482,-0.4126200358882437,Expert Cave
346890867.0,https://inaturalist-open-data.s3.amazonaws.com/photos/346890867/original.jpg,197016200.0,Antillean Fruit-eating Bat,0.3957137761015683,0.8568599366639851,-0.4851992535090027,Expert Cave
346890045.0,https://inaturalist-open-data.s3.amazonaws.com/photos/346890045/original.jpg,197015918.0,Jamaican Fruit-eating Bat,0.5151603104132318,0.7805901818294445,-0.4679353390507377,Expert Cave
346890084.0,https://inaturalist-open-data.s3.amazonaws.com/photos/346890084/original.jpg,197015918.0,Jamaican Fruit-eating Bat,0.3059202097687201,0.7732406592771859,-0.3826521877950859,Expert Cave
346890136.0,https://inaturalist-open-data.s3.amazonaws.com/photos/346890136/original.jpg,197015918.0,Jamaican Fruit-eating Bat,0.3597902045624204,0.7478771217690556,-0.1167531038284352,Expert Cave
346859688.0,https://inaturalist-open-data.s3.amazonaws.com/photos/346859688/original.jpg,197000853.0,Brown Flower Bat,0.4520385363808248,0.8302022215320681,-0.5460501096153901,Expert Cave
346859706.0,https://inaturalist-open-data.s3.amazonaws.com/photos/346859706/original.jpg,197000853.0,Brown Flower Bat,0.4033987843266793,0.8691048995421826,-0.4386454662705829,Expert Cave
369847916.0,https://inaturalist-open-data.s3.amazonaws.com/photos/369847916/original.jpeg,197000853.0,Brown Flower Bat,0.8300913545571362,0.816354688380277,-0.5405426519839951,Expert Cave
369847943.0,https://inaturalist-open-data.s3.amazonaws.com/photos/369847943/original.jpeg,197000853.0,Brown Flower Bat,0.8205876608998663,0.8279986036945173,-0.5996631473931529,Expert Cave
346815288.0,https://inaturalist-open-data.s3.amazonaws.com/photos/346815288/original.jpg,196978765.0,,0.9146946258274502,0.7339542483933699,-0.5742392672509589,Expert Cave
346815268.0,https://inaturalist-open-data.s3.amazonaws.com/photos/346815268/original.jpg,196978765.0,,0.3447449331830787,0.6978076831960327,0.1480760776420508,Expert Cave
346815279.0,https://inaturalist-open-data.s3.amazonaws.com/photos/346815279/original.jpg,196978765.0,,0.4090465380932058,0.8941895107991837,-0.1430475504672363,Expert Cave
346765750.0,https://inaturalist-open-data.s3.amazonaws.com/photos/346765750/original.jpg,196955648.0,Antillean Ghost-faced Bat,0.9361141592087824,0.6652255477024998,-0.5454669984404434,Expert Non-Urban
346765757.0,https://inaturalist-open-data.s3.amazonaws.com/photos/346765757/original.jpg,196955648.0,Antillean Ghost-faced Bat,0.9284255800980727,0.7008253102970834,-0.5611604383062847,Expert Non-Urban
346765767.0,https://inaturalist-open-data.s3.amazonaws.com/photos/346765767/original.jpg,196955648.0,Antillean Ghost-faced Bat,0.928356217572056,0.6598750524242392,-0.5221249372829164,Expert Non-Urban
346754848.0,https://inaturalist-open-data.s3.amazonaws.com/photos/346754848/original.jpg,196950683.0,Leach's Single Leaf Bat,0.8079033100773632,0.789464925358766,-0.5679984200632557,Expert Non-Urban
346754864.0,https://inaturalist-open-data.s3.amazonaws.com/photos/346754864/original.jpg,196950683.0,Leach's Single Leaf Bat,0.8324558459995732,0.7841902725725587,-0.5518183344477645,Expert Non-Urban
346750575.0,https://inaturalist-open-data.s3.amazonaws.com/photos/346750575/original.jpg,196948867.0,Greater Bulldog Bat,0.3834584196575661,0.6873116180485037,-0.5492180865879094,Expert Urban
346750591.0,https://inaturalist-open-data.s3.amazonaws.com/photos/346750591/original.jpg,196948867.0,Greater Bulldog Bat,0.3678844003113812,0.6200307890381649,-0.4942744276368591,Expert Urban
346750607.0,https://inaturalist-open-data.s3.amazonaws.com/photos/346750607/original.jpg,196948867.0,Greater Bulldog Bat,0.4110755974977906,0.6971125440635668,-0.5763425823037382,Expert Urban
345209933.0,https://inaturalist-open-data.s3.amazonaws.com/photos/345209933/original.jpeg,196125371.0,Jamaican Fruit-eating Bat,0.4278075599912634,0.6786806419991613,0.3427031281388868,Non-Expert Non-Urban
345209958.0,https://inaturalist-open-data.s3.amazonaws.com/photos/345209958/original.jpeg,196125371.0,Jamaican Fruit-eating Bat,0.4051965582417351,0.6766451165722545,0.3313475754084976,Non-Expert Non-Urban
344000091.0,https://inaturalist-open-data.s3.amazonaws.com/photos/344000091/original.jpeg,195523958.0,Yangochiroptera,-0.3220571188584428,-0.7271292612221358,0.5758529765988851,Non-Expert Urban
344000106.0,https://inaturalist-open-data.s3.amazonaws.com/photos/344000106/original.jpeg,195523958.0,Yangochiroptera,-0.3095439393362541,-0.7645242976407629,0.6147962822962654,Non-Expert Urban
342921835.0,https://static.inaturalist.org/photos/342921835/original.jpg,194995420.0,Sooty Moustached Bat,0.8941703828282228,0.7479896298367374,-0.585787265593384,Expert Non-Urban
342921989.0,https://static.inaturalist.org/photos/342921989/original.jpg,194995420.0,Sooty Moustached Bat,0.9018052702058303,0.705049385516763,-0.5350787202512374,Expert Non-Urban
342924818.0,https://static.inaturalist.org/photos/342924818/original.jpg,194995420.0,Sooty Moustached Bat,0.9367609005393274,0.6719341760834969,-0.5427755742555712,Expert Non-Urban
342921847.0,https://static.inaturalist.org/photos/342921847/original.jpg,194995419.0,Leach's Single Leaf Bat,0.8379498718565868,0.7982728672229009,-0.5627274677049477,Expert Non-Urban
342921947.0,https://static.inaturalist.org/photos/342921947/original.jpg,194995419.0,Leach's Single Leaf Bat,0.8474086083210679,0.7777480137387083,-0.5659380971467003,Expert Non-Urban
342921787.0,https://static.inaturalist.org/photos/342921787/original.jpg,194995418.0,Antillean Ghost-faced Bat,0.9326736494692304,0.7175883426908685,-0.5897549157092103,Expert Non-Urban
342921946.0,https://static.inaturalist.org/photos/342921946/original.jpg,194995418.0,Antillean Ghost-faced Bat,0.9475126058684088,0.6473853175297446,-0.5118803382306845,Expert Non-Urban
342336253.0,https://static.inaturalist.org/photos/342336253/original.jpg,194711939.0,Sooty Moustached Bat,0.409196592357822,0.8961440036297244,-0.1567592275390351,Expert Cave
342336215.0,https://static.inaturalist.org/photos/342336215/original.jpg,194711938.0,Sooty Moustached Bat,0.3973060314210188,0.8714216951382954,-0.1175023121617282,Expert Cave
341415063.0,https://inaturalist-open-data.s3.amazonaws.com/photos/341415063/original.jpg,194258581.0,Jamaican Fruit-eating Bat,-0.8798994798272965,-0.225375257098514,0.4626351753312481,Non-Expert Cave
341415078.0,https://inaturalist-open-data.s3.amazonaws.com/photos/341415078/original.jpg,194258581.0,Jamaican Fruit-eating Bat,-0.8490030215857722,-0.2243670374800869,0.4103512059633878,Non-Expert Cave
336565147.0,https://inaturalist-open-data.s3.amazonaws.com/photos/336565147/original.jpeg,191801100.0,Jamaican Fruit-eating Bat,0.4465650366935472,0.7522629273360282,-0.6310624492319161,Non-Expert Cave
336020007.0,https://static.inaturalist.org/photos/336020007/original.jpeg,191528559.0,Velvety Free-tailed Bat,0.7738974325538066,0.2532092842595022,0.3886028138013493,Non-Expert Urban
332790300.0,https://inaturalist-open-data.s3.amazonaws.com/photos/332790300/original.jpg,189906581.0,Free-tailed Bats,0.7896504329069389,0.2977182794636779,0.4398546807566998,Non-Expert Urban
332790344.0,https://inaturalist-open-data.s3.amazonaws.com/photos/332790344/original.jpg,189906581.0,Free-tailed Bats,0.7601608265218049,0.3244851542088816,0.4162827620943283,Non-Expert Urban
332107616.0,https://static.inaturalist.org/photos/332107616/original.jpg,189560555.0,Velvety Free-tailed Bat,-0.2169132401707263,0.3234899935625965,-0.0482454744225904,Non-Expert Urban
332029731.0,https://static.inaturalist.org/photos/332029731/original.jpg,189522336.0,New World Leaf-nosed Bats,0.4896839684037768,0.3533186950068685,-0.0240717143769392,Non-Expert Urban
332029758.0,https://static.inaturalist.org/photos/332029758/original.jpg,189522336.0,New World Leaf-nosed Bats,0.5224148599398479,0.3273534402439015,-0.0181071620240661,Non-Expert Urban
322323715.0,https://inaturalist-open-data.s3.amazonaws.com/photos/322323715/original.jpg,184633394.0,Jamaican Fruit-eating Bat,0.8287737234610628,0.729627710469194,0.0272772002899783,Expert Urban
319219830.0,https://inaturalist-open-data.s3.amazonaws.com/photos/319219830/original.jpg,183017861.0,Velvety Free-tailed Bat,0.3586772956773942,0.4602164273498408,0.5542045435797602,Non-Expert Urban
314517625.0,https://inaturalist-open-data.s3.amazonaws.com/photos/314517625/original.jpg,180547521.0,Bats,-0.3032751083738089,-0.4563777592310609,0.5489513509526682,Non-Expert Urban
314517647.0,https://inaturalist-open-data.s3.amazonaws.com/photos/314517647/original.jpg,180547521.0,Bats,-0.3979945187162959,-0.4758443337036163,0.5409609276208462,Non-Expert Urban
314517667.0,https://inaturalist-open-data.s3.amazonaws.com/photos/314517667/original.jpg,180547521.0,Bats,-0.2970125200387054,-0.4930563938318121,0.584172876911476,Non-Expert Urban
314503869.0,https://inaturalist-open-data.s3.amazonaws.com/photos/314503869/original.jpg,180540917.0,Murciélagos,0.8328450468400002,0.3392277292205381,0.5115889524767057,Non-Expert Urban
314503913.0,https://inaturalist-open-data.s3.amazonaws.com/photos/314503913/original.jpg,180540917.0,Murciélagos,0.8881316042437333,0.3450222295516167,0.2542902367090733,Non-Expert Urban
314503936.0,https://inaturalist-open-data.s3.amazonaws.com/photos/314503936/original.jpg,180540917.0,Murciélagos,0.9075500287494828,0.3694150501305477,0.2475939446109893,Non-Expert Urban
311101920.0,https://inaturalist-open-data.s3.amazonaws.com/photos/311101920/original.jpg,178754037.0,Bats,0.8289001173973598,0.3014146382706573,0.3316018404128018,Non-Expert Urban
309129027.0,https://inaturalist-open-data.s3.amazonaws.com/photos/309129027/original.jpg,177716730.0,Jamaican Fruit-eating Bat,0.4255642217609356,0.7166263317430965,0.3281115194663153,Non-Expert Non-Urban
299186752.0,https://inaturalist-open-data.s3.amazonaws.com/photos/299186752/original.png,172353225.0,Moustached Bats,0.127990096469915,0.624712597973683,0.9753227079028866,Non-Expert Cave
299186757.0,https://inaturalist-open-data.s3.amazonaws.com/photos/299186757/original.jpeg,172353225.0,Moustached Bats,0.1432467951044855,0.6551878859616889,0.9745667062297834,Non-Expert Cave
299185646.0,https://inaturalist-open-data.s3.amazonaws.com/photos/299185646/original.png,172353212.0,Ghost-faced and Moustached Bats,0.1457768574655067,0.6047467689507868,1.0,Non-Expert Cave
299185365.0,https://inaturalist-open-data.s3.amazonaws.com/photos/299185365/original.png,172353210.0,Moustached Bats,0.103703090573227,0.5685918326174617,0.9245060999339104,Non-Expert Cave
298312904.0,https://inaturalist-open-data.s3.amazonaws.com/photos/298312904/original.jpg,171885636.0,Murciélagos bigotudos y lomo pelón,0.57744940016572,0.5520744093535725,0.4532773497434543,Non-Expert Non-Urban
293736107.0,https://inaturalist-open-data.s3.amazonaws.com/photos/293736107/original.jpg,169429821.0,Jamaican Fruit-eating Bat,0.791389890920492,0.9768511302289252,-0.9714456518258072,Non-Expert Non-Urban
293735631.0,https://inaturalist-open-data.s3.amazonaws.com/photos/293735631/original.jpg,169429821.0,Jamaican Fruit-eating Bat,0.8047010734595907,0.9899687003225396,-0.990212010430688,Non-Expert Non-Urban
293736823.0,https://inaturalist-open-data.s3.amazonaws.com/photos/293736823/original.jpg,169429821.0,Jamaican Fruit-eating Bat,0.7982906915644226,0.9917403675430964,-0.990613690908862,Non-Expert Non-Urban
293730287.0,https://inaturalist-open-data.s3.amazonaws.com/photos/293730287/original.jpg,169428727.0,Brown Flower Bat,0.7814135044933306,1.0,-0.955011737920714,Non-Expert Non-Urban
293731522.0,https://inaturalist-open-data.s3.amazonaws.com/photos/293731522/original.jpg,169428727.0,Brown Flower Bat,0.8011910727449001,0.98427498846876,-1.0,Non-Expert Non-Urban
293731804.0,https://inaturalist-open-data.s3.amazonaws.com/photos/293731804/original.jpg,169428727.0,Brown Flower Bat,0.8021572670424884,0.9774960425454616,-0.984142889168602,Non-Expert Non-Urban
293732169.0,https://inaturalist-open-data.s3.amazonaws.com/photos/293732169/original.jpg,169428727.0,Brown Flower Bat,0.7803525147435186,0.9584041601197408,-0.9177255704221868,Non-Expert Non-Urban
293727137.0,https://inaturalist-open-data.s3.amazonaws.com/photos/293727137/original.jpg,169425919.0,Antillean Fruit-eating Bat,0.7895517839810484,0.9711818620922316,-0.9342977287924062,Non-Expert Non-Urban
293728270.0,https://inaturalist-open-data.s3.amazonaws.com/photos/293728270/original.jpg,169425919.0,Antillean Fruit-eating Bat,0.7796560636026619,0.9868325379358952,-0.959298480912171,Non-Expert Non-Urban
293728491.0,https://inaturalist-open-data.s3.amazonaws.com/photos/293728491/original.jpg,169425919.0,Antillean Fruit-eating Bat,0.7669912370467411,0.9661186642010876,-0.9885250785843848,Non-Expert Non-Urban
270106600.0,https://inaturalist-open-data.s3.amazonaws.com/photos/270106600/original.jpeg,156218307.0,Jamaican Fruit-eating Bat,-0.3919472624897375,0.1736510123633305,0.1938693019649251,Non-Expert Cave
269805401.0,https://inaturalist-open-data.s3.amazonaws.com/photos/269805401/original.jpg,156052573.0,Jamaican Fruit-eating Bat,-0.1381026389666648,0.4909421797266156,0.231709903039631,Non-Expert Cave
268744895.0,https://inaturalist-open-data.s3.amazonaws.com/photos/268744895/original.jpg,155469786.0,Velvety Free-tailed Bat,0.8875155622534066,0.3981180012071179,0.0789257012425017,Non-Expert Urban
268394027.0,https://static.inaturalist.org/photos/268394027/original.jpg,155280994.0,Antillean Fruit-eating Bat,0.4973246359918861,0.7900385155966818,-0.1354715208638024,Expert Cave
268394008.0,https://static.inaturalist.org/photos/268394008/original.jpg,155280993.0,Jamaican Fruit-eating Bat,0.4916900867951272,0.8171034027830677,-0.5492905327045934,Expert Cave
268394712.0,https://static.inaturalist.org/photos/268394712/original.jpg,155280993.0,Jamaican Fruit-eating Bat,0.2438688279618737,0.7746105119703055,-0.3594724874590097,Expert Cave
268394716.0,https://static.inaturalist.org/photos/268394716/original.jpg,155280993.0,Jamaican Fruit-eating Bat,0.1943608369107698,0.7850868212369022,-0.3456140742473221,Expert Cave
268394717.0,https://static.inaturalist.org/photos/268394717/original.jpg,155280993.0,Jamaican Fruit-eating Bat,0.2742392356681222,0.6894909595916894,-0.1451445574187638,Expert Cave
268389641.0,https://static.inaturalist.org/photos/268389641/original.jpg,155278523.0,Brown Flower Bat,0.5012903741923314,0.8464305057589228,-0.2907338359757809,Expert Cave
263803492.0,https://inaturalist-open-data.s3.amazonaws.com/photos/263803492/original.jpg,152790439.0,Yangochiroptera,0.390081436229712,0.4978547289802866,0.5139651656944098,Non-Expert Cave
262426946.0,https://static.inaturalist.org/photos/262426946/original.jpeg,152045973.0,Jamaican Fruit-eating Bat,0.3310922044279085,0.9024514871741642,-0.3958420878456476,Non-Expert Cave
261959464.0,https://static.inaturalist.org/photos/261959464/original.jpeg,151797492.0,Jamaican Fruit-eating Bat,0.2794634412989309,0.8465363169178148,-0.2996682909218661,Non-Expert Cave
261959400.0,https://static.inaturalist.org/photos/261959400/original.jpeg,151797490.0,Jamaican Fruit-eating Bat,-0.0556330360660985,0.509790964363237,0.2603532924891862,Non-Expert Cave
261885161.0,https://static.inaturalist.org/photos/261885161/original.jpg,151753488.0,Big Brown Bat,0.8409057430578777,0.3989802282139094,-0.2143946988658033,Non-Expert Urban
260608583.0,https://inaturalist-open-data.s3.amazonaws.com/photos/260608583/original.jpeg,151073000.0,Yangochiroptera,0.5468974167802543,0.5942490295760607,0.2324223302902406,Non-Expert Urban
259853050.0,https://inaturalist-open-data.s3.amazonaws.com/photos/259853050/original.jpg,150673356.0,Jamaican Fruit-eating Bat,0.2592390499306913,0.8040256792967573,-0.3734349358174961,Non-Expert Cave
257976760.0,https://static.inaturalist.org/photos/257976760/original.jpg,149689162.0,Antillean Fruit-eating Bat,0.7059812436536501,0.9320568467102692,-0.6222760405698252,Non-Expert Non-Urban
257061895.0,https://inaturalist-open-data.s3.amazonaws.com/photos/257061895/original.jpg,149201659.0,Antillean Fruit-eating Bat,0.7334665299351453,0.941337088066862,-0.6736132124636436,Non-Expert Non-Urban
257061904.0,https://inaturalist-open-data.s3.amazonaws.com/photos/257061904/original.jpg,149201659.0,Antillean Fruit-eating Bat,0.7315179567505641,0.9453793422128765,-0.6615890980482735,Non-Expert Non-Urban
256280281.0,https://inaturalist-open-data.s3.amazonaws.com/photos/256280281/original.jpeg,148785129.0,Jamaican Fruit-eating Bat,-0.5707708165032871,0.0027900996248892,0.4845407847860246,Non-Expert Cave
254270216.0,https://static.inaturalist.org/photos/254270216/original.jpg,147737147.0,Jamaican Fruit-eating Bat,-0.2083674943773964,-0.8013405537171611,0.2700517555445785,Non-Expert Non-Urban
267972414.0,https://static.inaturalist.org/photos/267972414/original.jpg,147737147.0,Jamaican Fruit-eating Bat,-0.2152948069201604,-0.798630649575039,0.2682410878660273,Non-Expert Non-Urban
267972425.0,https://static.inaturalist.org/photos/267972425/original.jpg,147737147.0,Jamaican Fruit-eating Bat,-0.2069608737294261,-0.8053091418664784,0.2664692392721031,Non-Expert Non-Urban
253680025.0,https://inaturalist-open-data.s3.amazonaws.com/photos/253680025/original.jpg,147425532.0,Murciélago frutero,-0.1829148640759095,-0.759144335963823,0.6399767667778509,Non-Expert Non-Urban
252972928.0,https://static.inaturalist.org/photos/252972928/original.jpeg,147057770.0,Jamaican Fruit-eating Bat,0.1857218627445087,0.6656621861556482,-0.1409970778934048,Non-Expert Cave
252972918.0,https://static.inaturalist.org/photos/252972918/original.jpeg,147057770.0,Jamaican Fruit-eating Bat,0.1917115480744733,0.6805986366767929,-0.2086182735018018,Non-Expert Cave
252973061.0,https://static.inaturalist.org/photos/252973061/original.jpeg,147057770.0,Jamaican Fruit-eating Bat,0.2384000552022946,0.7332681500877711,-0.1654668334593337,Non-Expert Cave
249010454.0,https://inaturalist-open-data.s3.amazonaws.com/photos/249010454/original.jpg,145008514.0,Big Brown Bat,0.8550315499303063,0.3107270247894449,-0.3603129206411749,Non-Expert Urban
249010467.0,https://inaturalist-open-data.s3.amazonaws.com/photos/249010467/original.jpg,145008514.0,Big Brown Bat,0.8364847811681668,0.3345261644040882,-0.3313402968301309,Non-Expert Urban
249010478.0,https://inaturalist-open-data.s3.amazonaws.com/photos/249010478/original.jpg,145008514.0,Big Brown Bat,0.8441940405875592,0.3117014250184793,-0.3416732092998882,Non-Expert Urban
249010493.0,https://inaturalist-open-data.s3.amazonaws.com/photos/249010493/original.jpg,145008514.0,Big Brown Bat,0.8372272170947905,0.288116921330575,-0.3553324320835852,Non-Expert Urban
248917890.0,https://inaturalist-open-data.s3.amazonaws.com/photos/248917890/original.jpg,144961095.0,Big Brown Bat,0.8618948434305393,0.2998870733755183,-0.3782526753627888,Non-Expert Urban
248831027.0,https://static.inaturalist.org/photos/248831027/original.jpeg,144917368.0,Big Brown Bat,0.8544697134695707,0.3025400537929199,-0.3689989334456498,Non-Expert Urban
246174718.0,https://inaturalist-open-data.s3.amazonaws.com/photos/246174718/original.jpg,143534972.0,Velvety Free-tailed Bat,-0.2575521019183157,0.0071477781749416,0.1113803969445497,Non-Expert Urban
245001695.0,https://inaturalist-open-data.s3.amazonaws.com/photos/245001695/original.jpg,142864874.0,Free-tailed Bats,0.4191844107568641,0.5949518701536356,0.5297810312483928,Non-Expert Non-Urban
245001779.0,https://inaturalist-open-data.s3.amazonaws.com/photos/245001779/original.jpg,142864839.0,Velvety Free-tailed Bat,0.168799564341681,0.4254487556724908,0.525495404305619,Non-Expert Non-Urban
244586444.0,https://inaturalist-open-data.s3.amazonaws.com/photos/244586444/original.jpg,142641130.0,Free-tailed Bats,0.9055816744000748,0.3587602682446817,0.5104088523040584,Non-Expert Urban
243926613.0,https://inaturalist-open-data.s3.amazonaws.com/photos/243926613/original.jpg,142293338.0,Yangochiroptera,-0.3402962005931369,-0.7420832911288562,0.6043617123486418,Non-Expert Urban
243882847.0,https://inaturalist-open-data.s3.amazonaws.com/photos/243882847/original.jpg,142269112.0,Jamaican Fruit-eating Bat,-0.3822285706916404,-0.5711239338311928,0.5261004967872354,Non-Expert Urban
243882851.0,https://inaturalist-open-data.s3.amazonaws.com/photos/243882851/original.jpg,142269112.0,Jamaican Fruit-eating Bat,-0.3789344672616327,-0.5707545993113903,0.5151855406673582,Non-Expert Urban
243882863.0,https://inaturalist-open-data.s3.amazonaws.com/photos/243882863/original.jpg,142269112.0,Jamaican Fruit-eating Bat,-0.3695337898004101,-0.5881571864946785,0.5091921166202942,Non-Expert Urban
242745255.0,https://inaturalist-open-data.s3.amazonaws.com/photos/242745255/original.jpeg,141663663.0,Velvety Free-tailed Bat,0.7552296647185046,0.2222307235758818,0.4917849112159007,Non-Expert Urban
236536598.0,https://inaturalist-open-data.s3.amazonaws.com/photos/236536598/original.jpg,138394610.0,Velvety Free-tailed Bat,0.7597628911410648,0.1858176214086784,0.4492736464027813,Non-Expert Urban
236358331.0,https://inaturalist-open-data.s3.amazonaws.com/photos/236358331/original.jpg,138301108.0,Jamaican Fruit-eating Bat,-0.5696451911551578,0.1644086085414049,0.5374298466355014,Non-Expert Cave
236358959.0,https://inaturalist-open-data.s3.amazonaws.com/photos/236358959/original.jpg,138301108.0,Jamaican Fruit-eating Bat,-0.4611336333802071,0.2282098911668608,0.4769996923587543,Non-Expert Cave
236359012.0,https://inaturalist-open-data.s3.amazonaws.com/photos/236359012/original.jpg,138301108.0,Jamaican Fruit-eating Bat,-0.4998784100608751,0.2151360184031054,0.4913506227066408,Non-Expert Cave
236367895.0,https://inaturalist-open-data.s3.amazonaws.com/photos/236367895/original.jpg,138301108.0,Jamaican Fruit-eating Bat,-0.6731730514358069,0.1016964107080224,0.6165203348922432,Non-Expert Cave
236367941.0,https://inaturalist-open-data.s3.amazonaws.com/photos/236367941/original.jpg,138301108.0,Jamaican Fruit-eating Bat,-0.6949424545363323,0.0906592353302122,0.6183438613925762,Non-Expert Cave
226497834.0,https://inaturalist-open-data.s3.amazonaws.com/photos/226497834/original.jpg,133010443.0,Antillean Fruit-eating Bat,0.3172851312074387,0.6402186205874696,0.1893779338736301,Non-Expert Cave
226498473.0,https://inaturalist-open-data.s3.amazonaws.com/photos/226498473/original.jpg,133010443.0,Antillean Fruit-eating Bat,0.2666793368880857,0.616522613368202,0.2499264863584884,Non-Expert Cave
220817466.0,https://inaturalist-open-data.s3.amazonaws.com/photos/220817466/original.jpeg,129898169.0,Molossinae,0.3226397383871591,0.5643741194611331,0.6944826435020246,Non-Expert Urban
220817474.0,https://inaturalist-open-data.s3.amazonaws.com/photos/220817474/original.jpeg,129898169.0,Molossinae,0.3494583737241599,0.5481729577148806,0.6739585082213968,Non-Expert Urban
220817495.0,https://inaturalist-open-data.s3.amazonaws.com/photos/220817495/original.jpeg,129898169.0,Molossinae,0.3882474396621811,0.5534226645158431,0.5969433852765034,Non-Expert Urban
220817524.0,https://inaturalist-open-data.s3.amazonaws.com/photos/220817524/original.jpeg,129898169.0,Molossinae,0.7763806109852056,0.3301704949266728,0.0449221240638533,Non-Expert Urban
218098494.0,https://static.inaturalist.org/photos/218098494/original.jpg,128401908.0,Velvety Free-tailed Bat,0.897869845998237,0.5412473494890675,0.5732574355530404,Non-Expert Urban
218091728.0,https://static.inaturalist.org/photos/218091728/original.jpg,128398127.0,,0.849787999861686,0.5543264123571363,0.7267107327975648,Non-Expert Urban
214892128.0,https://inaturalist-open-data.s3.amazonaws.com/photos/214892128/original.jpg,126637525.0,murciélago moreno norteamericano,0.2042890292272621,0.7960322489642813,-0.3524071714376942,Expert Cave
213539450.0,https://inaturalist-open-data.s3.amazonaws.com/photos/213539450/original.jpg,125888089.0,,0.5966836286301584,0.6917141658874535,-0.3937351820275402,Non-Expert Non-Urban
209919174.0,https://static.inaturalist.org/photos/209919174/original.jpg,123884373.0,Molossus,0.2601473650537929,0.3826712462361277,0.5506700659245105,Non-Expert Urban
206189614.0,https://inaturalist-open-data.s3.amazonaws.com/photos/206189614/original.jpg,121820057.0,Brachyphylla cavernarum,0.4661318713151481,0.8261335145963311,-0.123243315111008,Expert Cave
203316487.0,https://inaturalist-open-data.s3.amazonaws.com/photos/203316487/original.jpg,120226331.0,Velvety Free-tailed Bat,0.7368336952258907,0.1912149950484731,0.4828094536116787,Non-Expert Urban
191839094.0,https://inaturalist-open-data.s3.amazonaws.com/photos/191839094/original.jpeg,113556639.0,Jamaican Fruit-eating Bat,0.3162316685761914,0.5048329079401064,-0.0796289089605125,Non-Expert Non-Urban
189552766.0,https://static.inaturalist.org/photos/189552766/original.jpg,112227077.0,Velvety Free-tailed Bat,0.8367260086197585,0.5631489199978901,0.2241865218197221,Non-Expert Urban
182807332.0,https://inaturalist-open-data.s3.amazonaws.com/photos/182807332/original.jpeg,108562596.0,Big Brown Bat,-0.29022673273884,-0.4103864032660822,0.4742090854126612,Expert Urban
181999621.0,https://inaturalist-open-data.s3.amazonaws.com/photos/181999621/original.jpeg,108131308.0,Murciélagos con hoja nasal,0.7413381490450657,0.5081415157281091,0.6988980717590185,Non-Expert Urban
180798332.0,https://static.inaturalist.org/photos/180798332/original.jpg,107491351.0,Free-tailed Bats,0.3449659941224765,0.5548136124716534,0.7296910680197704,Non-Expert Non-Urban
180232723.0,https://static.inaturalist.org/photos/180232723/original.jpg,107191959.0,Jamaican Fruit-eating Bat,-0.209797672594388,0.4499149074026791,-0.1021786240769551,Non-Expert Cave
179901435.0,https://static.inaturalist.org/photos/179901435/original.jpg,107014743.0,Jamaican Fruit-eating Bat,-0.0291686634082719,0.5176323748661662,0.2190809872857793,Non-Expert Cave
174174352.0,https://inaturalist-open-data.s3.amazonaws.com/photos/174174352/original.jpg,103988759.0,Yangochiroptera,-0.3948760309262327,-0.3830837758176295,0.3925647866260491,Non-Expert Cave
174174380.0,https://inaturalist-open-data.s3.amazonaws.com/photos/174174380/original.jpg,103988759.0,Yangochiroptera,-0.3707327339075216,-0.5493971526418046,0.482805086464658,Non-Expert Cave
171212236.0,https://static.inaturalist.org/photos/171212236/original.jpeg,102425747.0,Yangochiroptera,0.5644377609797153,0.5548002186540721,0.371525327997003,Non-Expert Urban
164148673.0,https://inaturalist-open-data.s3.amazonaws.com/photos/164148673/original.jpg,98574082.0,Jamaican Fruit-eating Bat,-0.2860565035357675,0.2545690915894363,0.0193173469872993,Expert Urban
164148692.0,https://inaturalist-open-data.s3.amazonaws.com/photos/164148692/original.jpg,98574082.0,Jamaican Fruit-eating Bat,-0.2771301373033772,0.2727470133879577,0.1112411334784519,Expert Urban
164148707.0,https://inaturalist-open-data.s3.amazonaws.com/photos/164148707/original.jpg,98574082.0,Jamaican Fruit-eating Bat,-0.3120898009393124,0.2574400563879719,0.0373090222346008,Expert Urban
163224849.0,https://inaturalist-open-data.s3.amazonaws.com/photos/163224849/original.jpg,98077702.0,Murciélago frutero,-0.1145173249350213,0.3794657708435007,0.124707425411555,Expert Cave
163224858.0,https://inaturalist-open-data.s3.amazonaws.com/photos/163224858/original.jpg,98077702.0,Murciélago frutero,-0.1269149773166555,0.4412434150551534,0.3776606843222332,Expert Cave
163224863.0,https://inaturalist-open-data.s3.amazonaws.com/photos/163224863/original.jpg,98077702.0,Murciélago frutero,-0.1547678849860394,0.4087295880312847,0.398197921043923,Expert Cave
163224399.0,https://inaturalist-open-data.s3.amazonaws.com/photos/163224399/original.jpg,98077536.0,Brown Flower Bat,-0.017494051135801,0.4858722849266814,0.4337644516173489,Expert Cave
163224410.0,https://inaturalist-open-data.s3.amazonaws.com/photos/163224410/original.jpg,98077536.0,Brown Flower Bat,0.0024810718657939,0.4586637490467367,0.4169713156078922,Expert Cave
163224418.0,https://inaturalist-open-data.s3.amazonaws.com/photos/163224418/original.jpg,98077536.0,Brown Flower Bat,0.0130110740098667,0.4652006017172547,0.5045602719665072,Expert Cave
163223596.0,https://inaturalist-open-data.s3.amazonaws.com/photos/163223596/original.jpg,98077095.0,murciélago moreno norteamericano,-0.8970753111076276,0.0438284218483302,0.4181596648360235,Expert Cave
163223607.0,https://inaturalist-open-data.s3.amazonaws.com/photos/163223607/original.jpg,98077095.0,murciélago moreno norteamericano,-0.8233147385245995,0.1129525750032858,0.3479558355274206,Expert Cave
163223614.0,https://inaturalist-open-data.s3.amazonaws.com/photos/163223614/original.jpg,98077095.0,murciélago moreno norteamericano,-0.8867329474413423,0.0719604614505,0.3730814880519708,Expert Cave
163222419.0,https://inaturalist-open-data.s3.amazonaws.com/photos/163222419/original.jpg,98076493.0,Murciélago Bigotudo Menor,0.7631937671964475,0.5885189869920915,0.4501427086598581,Expert Cave
163222427.0,https://inaturalist-open-data.s3.amazonaws.com/photos/163222427/original.jpg,98076493.0,Murciélago Bigotudo Menor,0.7724135882935377,0.6138220848983871,0.4694954780618792,Expert Cave
163222438.0,https://inaturalist-open-data.s3.amazonaws.com/photos/163222438/original.jpg,98076493.0,Murciélago Bigotudo Menor,0.6379809205784177,0.5964814441214112,0.4469527503806692,Expert Cave
134211110.0,https://inaturalist-open-data.s3.amazonaws.com/photos/134211110/original.jpeg,81810510.0,Murciélago frutero,0.4231331936731719,0.7814899115254634,-0.306103670247404,Non-Expert Cave
131459076.0,https://static.inaturalist.org/photos/131459076/original.jpeg,80216564.0,Jamaican Fruit-eating Bat,0.4793470252904506,0.803660697767669,-0.5009806671253791,Non-Expert Cave
129075377.0,https://inaturalist-open-data.s3.amazonaws.com/photos/129075377/original.jpg,78830777.0,Eptesicus fuscus,0.8307842091225697,0.2807613715604045,-0.2095158192622241,Non-Expert Urban
129115443.0,https://inaturalist-open-data.s3.amazonaws.com/photos/129115443/original.jpg,78830777.0,Eptesicus fuscus,0.8139226928443923,0.2284650433917832,-0.1831748382457266,Non-Expert Urban
129128957.0,https://inaturalist-open-data.s3.amazonaws.com/photos/129128957/original.jpg,78830777.0,Eptesicus fuscus,-0.3605675272706478,-0.5639535535890827,0.4775358809651584,Non-Expert Urban
126570130.0,https://static.inaturalist.org/photos/126570130/original.jpeg,77394167.0,Jamaican Fruit-eating Bat,-0.369456026701798,0.2287471506745881,-0.0236650844654758,Expert Cave
126570150.0,https://static.inaturalist.org/photos/126570150/original.jpeg,77394167.0,Jamaican Fruit-eating Bat,-0.3821069036830422,0.2124816986039457,0.0062489021477627,Expert Cave
126570202.0,https://static.inaturalist.org/photos/126570202/original.jpeg,77394167.0,Jamaican Fruit-eating Bat,-0.3679626001370091,0.2342282356742655,-0.0338862950192203,Expert Cave
124957237.0,https://inaturalist-open-data.s3.amazonaws.com/photos/124957237/original.jpg,76387659.0,Murciélago frutero,-0.1629414622925525,0.4060913408132223,0.3758133811325659,Expert Cave
124957328.0,https://inaturalist-open-data.s3.amazonaws.com/photos/124957328/original.jpg,76387659.0,Murciélago frutero,-0.3736198591385822,0.2254191218510923,-0.0352399650240048,Expert Cave
124960239.0,https://inaturalist-open-data.s3.amazonaws.com/photos/124960239/original.jpg,76387659.0,Murciélago frutero,-0.374428215154746,0.2284046037899483,-0.0740737038550265,Expert Cave
126339884.0,https://inaturalist-open-data.s3.amazonaws.com/photos/126339884/original.jpg,76387659.0,Murciélago frutero,-0.1641688193455065,0.408362597429559,0.3834539474641916,Expert Cave
124406731.0,https://inaturalist-open-data.s3.amazonaws.com/photos/124406731/original.jpg,76033750.0,Brown Flower Bat,0.51132019545435,0.6284313914251107,0.2830411064991882,Expert Non-Urban
122524270.0,https://inaturalist-open-data.s3.amazonaws.com/photos/122524270/original.jpg,74928961.0,Greater Bulldog Bat,-0.9017349828461336,0.0379689615019827,0.4409222055839308,Expert Cave
122524280.0,https://inaturalist-open-data.s3.amazonaws.com/photos/122524280/original.jpg,74928961.0,Greater Bulldog Bat,-0.901371471830157,0.0460641848480765,0.4271021262183125,Expert Cave
122524292.0,https://inaturalist-open-data.s3.amazonaws.com/photos/122524292/original.jpg,74928961.0,Greater Bulldog Bat,-0.9114290381025824,0.0507300886252166,0.4155189966043007,Expert Cave
122524304.0,https://inaturalist-open-data.s3.amazonaws.com/photos/122524304/original.jpg,74928961.0,Greater Bulldog Bat,-0.8609078917547943,0.0761610974894129,0.3058502301486476,Expert Cave
122212683.0,https://inaturalist-open-data.s3.amazonaws.com/photos/122212683/original.jpg,74751798.0,Velvety Free-tailed Bat,0.6627149551103715,0.641406987052364,0.2750249655238004,Expert Urban
122212702.0,https://inaturalist-open-data.s3.amazonaws.com/photos/122212702/original.jpg,74751798.0,Velvety Free-tailed Bat,0.575774680509783,0.6481825845212672,0.3680883832918777,Expert Urban
122207914.0,https://inaturalist-open-data.s3.amazonaws.com/photos/122207914/original.jpg,74749411.0,,-0.9687295236042988,-0.0299119105359951,0.6358886319281143,Expert Cave
122207941.0,https://inaturalist-open-data.s3.amazonaws.com/photos/122207941/original.jpg,74749411.0,,-0.9911250904859842,-0.0305956649235171,0.6368295094917511,Expert Cave
122207964.0,https://inaturalist-open-data.s3.amazonaws.com/photos/122207964/original.jpg,74749411.0,,-0.9746374639128614,-0.0575885603404038,0.6583027713914993,Expert Cave
118498357.0,https://inaturalist-open-data.s3.amazonaws.com/photos/118498357/original.jpg,72657469.0,Artibeus jamaicensis,-0.0844371094857671,0.4820393091803736,0.1935250737319989,Non-Expert Cave
118498162.0,https://inaturalist-open-data.s3.amazonaws.com/photos/118498162/original.jpg,72657469.0,Artibeus jamaicensis,-0.102309160698535,0.4539829446475376,0.1524040173870677,Non-Expert Cave
111318576.0,https://inaturalist-open-data.s3.amazonaws.com/photos/111318576/original.jpeg,68705445.0,Jamaican Fruit-eating Bat,-0.882411251033309,-0.0789071649390038,0.405450296529283,Non-Expert Cave
111213069.0,https://inaturalist-open-data.s3.amazonaws.com/photos/111213069/original.jpg,68648430.0,Velvety Free-tailed Bat,0.6892204314873192,0.2276378077334229,0.3753014544540534,Non-Expert Urban
111213332.0,https://inaturalist-open-data.s3.amazonaws.com/photos/111213332/original.jpeg,68648430.0,Velvety Free-tailed Bat,0.9485055175834264,0.5767138435987178,-0.3995267468345461,Non-Expert Urban
109661424.0,https://inaturalist-open-data.s3.amazonaws.com/photos/109661424/original.jpeg,67813384.0,Artibeus jamaicensis,-0.1780623902049015,0.4568632851183805,0.2482354299844433,Non-Expert Cave
103354587.0,https://inaturalist-open-data.s3.amazonaws.com/photos/103354587/original.jpeg,64300651.0,Artibeus jamaicensis,-0.0647777144266706,0.5020540256374411,0.4645843786180597,Non-Expert Cave
103127919.0,https://inaturalist-open-data.s3.amazonaws.com/photos/103127919/original.jpg,64173049.0,Bats,-0.8517472600132384,-0.3827084140799158,0.3595641975464398,Expert Cave
103127926.0,https://inaturalist-open-data.s3.amazonaws.com/photos/103127926/original.jpg,64173049.0,Bats,-0.2542387054301455,-0.8673663820201389,0.6196593431228592,Expert Cave
103127934.0,https://inaturalist-open-data.s3.amazonaws.com/photos/103127934/original.jpg,64173049.0,Bats,-0.2742127237692892,-0.922983539835306,0.5857280664893278,Expert Cave
102223056.0,https://inaturalist-open-data.s3.amazonaws.com/photos/102223056/original.jpg,63668548.0,Murciélagos,-0.3119168056614617,-0.9614830639362254,0.632927706248223,Expert Non-Urban
102223062.0,https://inaturalist-open-data.s3.amazonaws.com/photos/102223062/original.jpg,63668548.0,Murciélagos,-0.3038790761466434,-0.9721425336582452,0.6473892709872955,Expert Non-Urban
98850755.0,https://inaturalist-open-data.s3.amazonaws.com/photos/98850755/original.jpg,61752995.0,Artibeus jamaicensis,0.1941369244008581,0.7524594816090324,-0.3630358368084501,Non-Expert Urban
91725937.0,https://inaturalist-open-data.s3.amazonaws.com/photos/91725937/original.jpg,57502899.0,Jamaican Fruit-eating Bat,0.4634817347146445,0.8027884253976918,-0.574023384616579,Expert Cave
91725956.0,https://inaturalist-open-data.s3.amazonaws.com/photos/91725956/original.jpg,57502899.0,Jamaican Fruit-eating Bat,0.0820415847353941,0.4988596001443184,0.0634285888971593,Expert Cave
82826065.0,https://inaturalist-open-data.s3.amazonaws.com/photos/82826065/original.jpg,52114255.0,Molossidés,0.6261673263556686,0.1703765588101602,0.5466590840054693,Non-Expert Urban
82934215.0,https://inaturalist-open-data.s3.amazonaws.com/photos/82934215/original.jpg,52114255.0,Molossidés,0.624912892227744,0.1612868445086601,0.5323896737352987,Non-Expert Urban
82826109.0,https://inaturalist-open-data.s3.amazonaws.com/photos/82826109/original.jpg,52114255.0,Molossidés,0.6245036533242454,0.1596946544436921,0.5309441480715167,Non-Expert Urban
82934178.0,https://inaturalist-open-data.s3.amazonaws.com/photos/82934178/original.jpg,52114255.0,Molossidés,0.6320402771233296,0.1609864881494012,0.5376127815718044,Non-Expert Urban
68123726.0,https://inaturalist-open-data.s3.amazonaws.com/photos/68123726/original.jpg,42902016.0,Yangochiroptera,-0.2937570284148468,-0.923924790365827,0.5808713137639854,Non-Expert Urban
66454634.0,https://static.inaturalist.org/photos/66454634/original.jpg,41878479.0,Leach's Single Leaf Bat,0.5037594232202822,0.4823195748132609,-0.1303473531692386,Non-Expert Urban
66446488.0,https://static.inaturalist.org/photos/66446488/original.jpg,41874276.0,,0.7688619700632366,0.4679228951406391,-0.4221350787687751,Expert Non-Urban
61451598.0,https://inaturalist-open-data.s3.amazonaws.com/photos/61451598/original.jpg,38646261.0,Monophyllus redmani,0.1390998151925411,0.6129384277834655,0.8529877593721398,Non-Expert Cave
61451597.0,https://inaturalist-open-data.s3.amazonaws.com/photos/61451597/original.jpg,38646260.0,Greater Bulldog Bat,0.1472021289260281,0.639934336809308,0.8506532766704089,Non-Expert Cave
61451586.0,https://inaturalist-open-data.s3.amazonaws.com/photos/61451586/original.jpeg,38646258.0,Monophyllus redmani,0.1476249063670123,0.6118819904217463,0.7988467820434559,Non-Expert Cave
61451581.0,https://inaturalist-open-data.s3.amazonaws.com/photos/61451581/original.jpeg,38646257.0,Brown Flower Bat,0.5385087642634403,0.5855266407217259,0.3310554617966832,Non-Expert Urban
60639068.0,https://static.inaturalist.org/photos/60639068/original.jpeg,38178330.0,Evening Bats,0.8392392441457641,0.3295222341557418,-0.3429761233515234,Non-Expert Urban
58609177.0,https://static.inaturalist.org/photos/58609177/original.jpeg,37016092.0,Velvety Free-tailed Bat,0.7682063657432565,0.3735673010034481,-0.3620840413772626,Non-Expert Urban
43546415.0,https://inaturalist-open-data.s3.amazonaws.com/photos/43546415/original.jpeg,27957235.0,Artibeus jamaicensis,0.1957172596417637,0.7233825081765071,-0.518495498441899,Non-Expert Non-Urban
43546431.0,https://inaturalist-open-data.s3.amazonaws.com/photos/43546431/original.jpeg,27957235.0,Artibeus jamaicensis,0.1122685918415593,0.6888338254166106,-0.5100512314869361,Non-Expert Non-Urban
43651246.0,https://inaturalist-open-data.s3.amazonaws.com/photos/43651246/original.jpeg,27957235.0,Artibeus jamaicensis,-0.2336243425267452,-0.6942643487549187,0.2931054394271852,Non-Expert Non-Urban
43651260.0,https://inaturalist-open-data.s3.amazonaws.com/photos/43651260/original.jpeg,27957235.0,Artibeus jamaicensis,0.1018748485263727,0.6877077402034688,-0.5288742659553717,Non-Expert Non-Urban
43651281.0,https://inaturalist-open-data.s3.amazonaws.com/photos/43651281/original.jpeg,27957235.0,Artibeus jamaicensis,0.1043735949913886,0.6915082359421421,-0.5294813964389316,Non-Expert Non-Urban
43651291.0,https://inaturalist-open-data.s3.amazonaws.com/photos/43651291/original.jpeg,27957235.0,Artibeus jamaicensis,0.1842239918400898,0.7350083418370124,-0.4508305828394415,Non-Expert Non-Urban
37841258.0,https://inaturalist-open-data.s3.amazonaws.com/photos/37841258/original.jpg,24473242.0,Artibeus jamaicensis,0.5197444026882039,0.7537814514043,-0.5570588623484964,Non-Expert Cave
33521881.0,https://inaturalist-open-data.s3.amazonaws.com/photos/33521881/original.jpg,21652270.0,Jamaican Fruit-eating Bat,0.026095158500822,0.5313767756225825,-0.0605972219122088,Non-Expert Cave
33521882.0,https://inaturalist-open-data.s3.amazonaws.com/photos/33521882/original.jpg,21652269.0,Mexican Free-tailed Bat,-0.0434766368258803,0.4695212798462389,-0.2077762390323957,Non-Expert Cave
28922825.0,https://static.inaturalist.org/photos/28922825/original.jpg,18875846.0,,-0.9728701067499552,-0.025157774985539,0.6202202788957132,Non-Expert Cave
28939700.0,https://static.inaturalist.org/photos/28939700/original.jpg,18875846.0,,-0.4185932878962545,0.1226192279970972,0.322258086743185,Non-Expert Cave
28922822.0,https://static.inaturalist.org/photos/28922822/original.jpg,18875846.0,,-0.9955139400951316,-0.0390193716457906,0.6371424883615531,Non-Expert Cave
28922823.0,https://static.inaturalist.org/photos/28922823/original.jpg,18875846.0,,-0.9821968745862332,-0.0105732470213405,0.5960073600984448,Non-Expert Cave
18506816.0,https://inaturalist-open-data.s3.amazonaws.com/photos/18506816/original.jpg,12770082.0,Mexican free tailed bats,-0.6571116961197935,-0.40994574666766,0.5173002103023907,Non-Expert Cave
18293240.0,https://static.inaturalist.org/photos/18293240/original.jpg,12645076.0,Leach's Single Leaf Bat,0.4191890349252651,0.7261215438718678,-0.0873838460202188,Non-Expert Non-Urban
16367885.0,https://static.inaturalist.org/photos/16367885/original.jpg,11469689.0,Bats,-0.1014126885845054,0.4152336258487283,0.37941191027745,Non-Expert Cave
14545644.0,https://static.inaturalist.org/photos/14545644/original.jpg,10465964.0,Murciélago frutero,0.4977425323662245,0.7254635725831899,-0.6278496847405093,Non-Expert Urban
13346625.0,https://inaturalist-open-data.s3.amazonaws.com/photos/13346625/original.jpg,9749398.0,Leach's Single Leaf Bat,0.6601333846513269,0.3381250831881639,0.3622999725354974,Non-Expert Urban
13346629.0,https://inaturalist-open-data.s3.amazonaws.com/photos/13346629/original.jpg,9749398.0,Leach's Single Leaf Bat,0.5955776816875586,0.3559237925264171,0.3589401807610675,Non-Expert Urban
13327677.0,https://inaturalist-open-data.s3.amazonaws.com/photos/13327677/original.jpeg,9738310.0,Yangochiroptera,-0.3036820351931071,-0.9434238448460168,0.7043213405006306,Non-Expert Non-Urban
13327689.0,https://inaturalist-open-data.s3.amazonaws.com/photos/13327689/original.jpeg,9738310.0,Yangochiroptera,-0.2330640474554769,-0.8603584018162017,0.7974090201965993,Non-Expert Non-Urban
13327665.0,https://inaturalist-open-data.s3.amazonaws.com/photos/13327665/original.jpeg,9738310.0,Yangochiroptera,-0.28575336360725,-0.9375933486301888,0.7166104922162884,Non-Expert Non-Urban
13327694.0,https://inaturalist-open-data.s3.amazonaws.com/photos/13327694/original.jpeg,9738310.0,Yangochiroptera,-0.2462515591796704,-0.8641244084746029,0.768324306278696,Non-Expert Non-Urban
13327700.0,https://inaturalist-open-data.s3.amazonaws.com/photos/13327700/original.jpeg,9738310.0,Yangochiroptera,-0.2451534219437035,-0.8706552339272092,0.765006972878076,Non-Expert Non-Urban
11067520.0,https://static.inaturalist.org/photos/11067520/original.jpg,8330479.0,Murciélago frutero,-0.9239945734870016,-0.4242778011704523,0.3356230123415578,Non-Expert Cave
9328407.0,https://inaturalist-open-data.s3.amazonaws.com/photos/9328407/original.jpg,7225753.0,New World Leaf-nosed Bats,-0.862209749298655,-0.3554687375740948,0.418072807134171,Non-Expert Cave
9283290.0,https://static.inaturalist.org/photos/9283290/original.jpg,7198339.0,Artibeus jamaicensis,0.8056451745081517,0.7507293352229774,-0.0302458897867961,Expert Urban
9283293.0,https://static.inaturalist.org/photos/9283293/original.jpg,7198339.0,Artibeus jamaicensis,0.8127065365548991,0.7412903771280472,-0.0110799372295403,Expert Urban
9283286.0,https://static.inaturalist.org/photos/9283286/original.jpg,7198339.0,Artibeus jamaicensis,0.8267950931818744,0.7278044770509493,-0.0339061898000916,Expert Urban
9283283.0,https://static.inaturalist.org/photos/9283283/original.jpg,7198339.0,Artibeus jamaicensis,0.824106139256626,0.7292165202694498,-0.0381523668481135,Expert Urban
9280572.0,https://inaturalist-open-data.s3.amazonaws.com/photos/9280572/original.jpg,7196753.0,Stenodermatini,0.4633782304119329,0.6272520657870835,0.2897131366693806,Non-Expert Urban
9280578.0,https://inaturalist-open-data.s3.amazonaws.com/photos/9280578/original.jpg,7196753.0,Stenodermatini,0.4530272092748078,0.630382535801256,0.3078765863661554,Non-Expert Urban
5972469.0,https://inaturalist-open-data.s3.amazonaws.com/photos/5972469/original.jpg,4907003.0,New World Leaf-nosed Bats,-0.2614067059381876,-0.7704480483114999,0.4285777366726802,Non-Expert Non-Urban
3803052.0,https://inaturalist-open-data.s3.amazonaws.com/photos/3803052/original.jpeg,3288051.0,Yangochiroptera,-0.2419932395685567,-0.6648525298828627,0.3048423896640304,Non-Expert Non-Urban
1564198.0,https://inaturalist-open-data.s3.amazonaws.com/photos/1564198/original.jpg,1242242.0,Jamaican Fruit-eating Bat,0.1107069074132047,0.6907099644143007,-0.1988148533463506,Non-Expert Cave
1490224.0,https://inaturalist-open-data.s3.amazonaws.com/photos/1490224/original.jpg,1180317.0,Bats,-0.1783976424139822,-0.9055380924357576,0.2964142811530428,Non-Expert Non-Urban
1490225.0,https://inaturalist-open-data.s3.amazonaws.com/photos/1490225/original.jpg,1180317.0,Bats,-0.1935107092400492,-0.9279221752229438,0.3336548847509901,Non-Expert Non-Urban
1490226.0,https://inaturalist-open-data.s3.amazonaws.com/photos/1490226/original.jpg,1180317.0,Bats,-0.1932232401044465,-0.898133655231416,0.3279950622124357,Non-Expert Non-Urban
231930.0,https://static.inaturalist.org/photos/231930/original.jpg,176350.0,New World Leaf-nosed Bats,0.4583115547846552,0.3888260402601411,-0.086072391769966,Non-Expert Urban
231056.0,https://static.inaturalist.org/photos/231056/original.jpg,174542.0,Moustached Bats,0.1247442385302255,0.6314342853268216,0.8990233118307951,Non-Expert Cave
